<datapower-configuration version="3"><export-details><description>Exported Configuration</description><user>admin</user><domain>Domain-AKB</domain><comment>router for bookservice 1 and 2</comment><product-id>5725</product-id><product>XI50</product><display-product>XI52</display-product><model>DataPower XI50</model><display-model>DataPower XI52</display-model><device-name>172.16.1.30:9090</device-name><serial-number>0000000</serial-number><firmware-version>XI50.7.1.0.4</firmware-version><display-firmware-version>XI52.7.1.0.4</display-firmware-version><firmware-build>258225</firmware-build><firmware-timestamp>2015/03/10 17:28:19</firmware-timestamp><current-date>2016-05-19</current-date><current-time>10:48:16 EDT</current-time><reset-date>2016-05-11</reset-date><reset-time>14:33:41 EDT</reset-time><login-message/><custom-ui-file/></export-details><interface-data><interface name="eth0" type="Ethernet" vers="ipv4" ip-addr="172.16.1.30"/></interface-data><configuration domain="Domain-AKB"><HTTPUserAgent name="default" intrinsic="true" xmlns:env="http://www.w3.org/2003/05/soap-envelope" xmlns:dp="http://www.datapower.com/schemas/management">
<mAdminState>enabled</mAdminState>
<UserSummary>Default User Agent</UserSummary>
<MaxRedirects>8</MaxRedirects>
<Timeout>300</Timeout></HTTPUserAgent><XMLManager name="default" intrinsic="true" xmlns:env="http://www.w3.org/2003/05/soap-envelope" xmlns:dp="http://www.datapower.com/schemas/management">
<mAdminState>enabled</mAdminState>
<UserSummary>Default XML-Manager</UserSummary>
<CacheSize>256</CacheSize>
<SHA1Caching>on</SHA1Caching>
<StaticDocumentCalls>on</StaticDocumentCalls>
<SearchResults>on</SearchResults>
<SupportTxWarn>off</SupportTxWarn>
<Memoization>on</Memoization>
<ParserLimitsBytesScanned>4194304</ParserLimitsBytesScanned>
<ParserLimitsElementDepth>512</ParserLimitsElementDepth>
<ParserLimitsAttributeCount>128</ParserLimitsAttributeCount>
<ParserLimitsMaxNodeSize>33554432</ParserLimitsMaxNodeSize>
<ParserLimitsForbidExternalReferences>on</ParserLimitsForbidExternalReferences>
<ParserLimitsExternalReferences>forbid</ParserLimitsExternalReferences>
<ParserLimitsMaxPrefixes>1024</ParserLimitsMaxPrefixes>
<ParserLimitsMaxNamespaces>1024</ParserLimitsMaxNamespaces>
<ParserLimitsMaxLocalNames>60000</ParserLimitsMaxLocalNames>
<DocCacheMaxDocs>5000</DocCacheMaxDocs>
<DocCacheSize>0</DocCacheSize>
<UserAgent class="HTTPUserAgent">default</UserAgent></XMLManager><CryptoKey name="idcred-BookServiceRouter_key" xmlns:env="http://www.w3.org/2003/05/soap-envelope" xmlns:dp="http://www.datapower.com/schemas/management">
<mAdminState>enabled</mAdminState>
<Filename>cert:///dpcert-privkey.pem</Filename>
<PasswordAlias>off</PasswordAlias></CryptoKey><CryptoCertificate name="idcred-BookServiceRouter_cert" xmlns:env="http://www.w3.org/2003/05/soap-envelope" xmlns:dp="http://www.datapower.com/schemas/management">
<mAdminState>enabled</mAdminState>
<Filename>cert:///dpcert-sscert.pem</Filename>
<PasswordAlias>off</PasswordAlias>
<IgnoreExpiration>off</IgnoreExpiration></CryptoCertificate><CryptoIdentCred name="idcred-BookServiceRouter" xmlns:env="http://www.w3.org/2003/05/soap-envelope" xmlns:dp="http://www.datapower.com/schemas/management">
<mAdminState>enabled</mAdminState>
<Key class="CryptoKey">idcred-BookServiceRouter_key</Key>
<Certificate class="CryptoCertificate">idcred-BookServiceRouter_cert</Certificate></CryptoIdentCred><CryptoProfile name="BookServiceRouter" xmlns:env="http://www.w3.org/2003/05/soap-envelope" xmlns:dp="http://www.datapower.com/schemas/management">
<mAdminState>enabled</mAdminState>
<IdentCredential class="CryptoIdentCred">idcred-BookServiceRouter</IdentCredential>
<Ciphers>DEFAULT</Ciphers>
<SSLOptions>
<OpenSSL-default>on</OpenSSL-default>
<Disable-SSLv2>on</Disable-SSLv2>
<Disable-SSLv3>off</Disable-SSLv3>
<Disable-TLSv1>off</Disable-TLSv1>
<Enable-Legacy-Renegotiation>off</Enable-Legacy-Renegotiation>
<Enable-Compression>off</Enable-Compression>
<Disable-TLSv1d1>off</Disable-TLSv1d1>
<Disable-TLSv1d2>off</Disable-TLSv1d2></SSLOptions>
<ClientCAList>off</ClientCAList></CryptoProfile><SSLProxyProfile name="BookServiceRouter" xmlns:env="http://www.w3.org/2003/05/soap-envelope" xmlns:dp="http://www.datapower.com/schemas/management">
<mAdminState>enabled</mAdminState>
<Direction>reverse</Direction>
<ReverseCryptoProfile class="CryptoProfile">BookServiceRouter</ReverseCryptoProfile>
<ServerCaching>on</ServerCaching>
<SessionTimeout>300</SessionTimeout>
<CacheSize>20</CacheSize>
<ClientCache>on</ClientCache>
<ClientSessionTimeout>300</ClientSessionTimeout>
<ClientCacheSize>100</ClientCacheSize>
<ClientAuthOptional>off</ClientAuthOptional>
<ClientAuthAlwaysRequest>off</ClientAuthAlwaysRequest>
<PermitInsecureServers>off</PermitInsecureServers></SSLProxyProfile><Matching name="matchAll" xmlns:env="http://www.w3.org/2003/05/soap-envelope" xmlns:dp="http://www.datapower.com/schemas/management">
<mAdminState>enabled</mAdminState>
<MatchRules>
<Type>url</Type>
<HttpTag/>
<HttpValue/>
<Url>*</Url>
<ErrorCode/>
<XPATHExpression/>
<Method>default</Method>
<CustomMethod/></MatchRules>
<MatchWithPCRE>off</MatchWithPCRE>
<CombineWithOr>off</CombineWithOr></Matching><StylePolicyAction name="BookServiceRouter_rule_0_route-action_0" xmlns:env="http://www.w3.org/2003/05/soap-envelope" xmlns:dp="http://www.datapower.com/schemas/management">
<mAdminState>enabled</mAdminState>
<Type>route-action</Type>
<Input>INPUT</Input>
<Transform>local:///BookServiceRouter.xsl</Transform>
<ActionDebug persisted="false">off</ActionDebug>
<NamedInOutLocationType>default</NamedInOutLocationType>
<Transactional>off</Transactional>
<SOAPValidation>body</SOAPValidation>
<SQLSourceType>static</SQLSourceType>
<Asynchronous>off</Asynchronous>
<ResultsMode>first-available</ResultsMode>
<RetryCount>0</RetryCount>
<RetryInterval>1000</RetryInterval>
<MultipleOutputs>off</MultipleOutputs>
<IteratorType>XPATH</IteratorType>
<Timeout>0</Timeout>
<MethodRewriteType>GET</MethodRewriteType>
<MethodType>POST</MethodType>
<MethodType2>POST</MethodType2></StylePolicyAction><StylePolicyAction name="BookServiceRouter_rule_0_results_0" xmlns:env="http://www.w3.org/2003/05/soap-envelope" xmlns:dp="http://www.datapower.com/schemas/management">
<mAdminState>enabled</mAdminState>
<Type>results</Type>
<Input>INPUT</Input>
<ActionDebug persisted="false">off</ActionDebug>
<Output>OUTPUT</Output>
<NamedInOutLocationType>default</NamedInOutLocationType>
<OutputType>default</OutputType>
<Transactional>off</Transactional>
<SOAPValidation>body</SOAPValidation>
<SQLSourceType>static</SQLSourceType>
<Asynchronous>off</Asynchronous>
<ResultsMode>first-available</ResultsMode>
<RetryCount>0</RetryCount>
<RetryInterval>1000</RetryInterval>
<MultipleOutputs>off</MultipleOutputs>
<IteratorType>XPATH</IteratorType>
<Timeout>0</Timeout>
<MethodRewriteType>GET</MethodRewriteType>
<MethodType>POST</MethodType>
<MethodType2>POST</MethodType2></StylePolicyAction><StylePolicyRule name="BookServiceRouter_rule_0" xmlns:env="http://www.w3.org/2003/05/soap-envelope" xmlns:dp="http://www.datapower.com/schemas/management">
<mAdminState>enabled</mAdminState>
<Direction>request-rule</Direction>
<InputFormat>none</InputFormat>
<OutputFormat>none</OutputFormat>
<NonXMLProcessing>off</NonXMLProcessing>
<Unprocessed>off</Unprocessed>
<Actions class="StylePolicyAction">BookServiceRouter_rule_0_route-action_0</Actions>
<Actions class="StylePolicyAction">BookServiceRouter_rule_0_results_0</Actions></StylePolicyRule><StylePolicy name="BookServiceRouter" xmlns:env="http://www.w3.org/2003/05/soap-envelope" xmlns:dp="http://www.datapower.com/schemas/management">
<mAdminState>enabled</mAdminState>
<DefStylesheetForSoap>store:///filter-reject-all.xsl</DefStylesheetForSoap>
<DefStylesheetForXsl>store:///identity.xsl</DefStylesheetForXsl>
<DefXQueryForJSON>store:///reject-all-json.xq</DefXQueryForJSON>
<PolicyMaps>
<Match class="Matching">matchAll</Match>
<Rule class="StylePolicyRule">BookServiceRouter_rule_0</Rule></PolicyMaps></StylePolicy><XMLFirewallService name="BookServiceRouter" xmlns:env="http://www.w3.org/2003/05/soap-envelope" xmlns:dp="http://www.datapower.com/schemas/management">
<mAdminState>enabled</mAdminState>
<LocalAddress>AuthenticatedTrustZone</LocalAddress>
<UserSummary>Book Service Router</UserSummary>
<Priority>normal</Priority>
<LocalPort>3100</LocalPort>
<HTTPTimeout>120</HTTPTimeout>
<HTTPPersistTimeout>180</HTTPPersistTimeout>
<DoHostRewrite>on</DoHostRewrite>
<SuppressHTTPWarnings>off</SuppressHTTPWarnings>
<HTTPCompression>off</HTTPCompression>
<HTTPIncludeResponseTypeEncoding>off</HTTPIncludeResponseTypeEncoding>
<AlwaysShowErrors>off</AlwaysShowErrors>
<DisallowGet>off</DisallowGet>
<DisallowEmptyResponse>off</DisallowEmptyResponse>
<HTTPPersistentConnections>on</HTTPPersistentConnections>
<HTTPClientIPLabel>X-Client-IP</HTTPClientIPLabel>
<HTTPLogCorIDLabel>X-Global-Transaction-ID</HTTPLogCorIDLabel>
<HTTPProxyPort>800</HTTPProxyPort>
<HTTPVersion>
<Front>HTTP/1.1</Front>
<Back>HTTP/1.1</Back></HTTPVersion>
<DoChunkedUpload>off</DoChunkedUpload>
<DefaultParamNamespace>http://www.datapower.com/param/config</DefaultParamNamespace>
<QueryParamNamespace>http://www.datapower.com/param/query</QueryParamNamespace>
<ForcePolicyExec>off</ForcePolicyExec>
<MonitorProcessingPolicy>terminate-at-first-throttle</MonitorProcessingPolicy>
<DebugMode persisted="false">off</DebugMode>
<DebuggerType>internal</DebuggerType>
<DebugHistory>25</DebugHistory>
<WebGUIMode>off</WebGUIMode>
<Type>dynamic-backend</Type>
<XMLManager class="XMLManager">default</XMLManager>
<SSLProxy class="SSLProxyProfile">BookServiceRouter</SSLProxy>
<StylePolicy class="StylePolicy">BookServiceRouter</StylePolicy>
<MaxMessageSize>0</MaxMessageSize>
<RequestType>preprocessed</RequestType>
<ResponseType>unprocessed</ResponseType>
<RequestAttachments>strip</RequestAttachments>
<ResponseAttachments>strip</ResponseAttachments>
<RootPartNotFirstAction>process-in-order</RootPartNotFirstAction>
<FrontAttachmentFormat>dynamic</FrontAttachmentFormat>
<BackAttachmentFormat>dynamic</BackAttachmentFormat>
<MIMEHeaders>on</MIMEHeaders>
<RewriteErrors>on</RewriteErrors>
<DelayErrors>on</DelayErrors>
<DelayErrorsDuration>1000</DelayErrorsDuration>
<SOAPSchemaURL>store:///schemas/soap-envelope.xsd</SOAPSchemaURL>
<WSDLResponsePolicy>off</WSDLResponsePolicy>
<FirewallParserLimits>off</FirewallParserLimits>
<ParserLimitsBytesScanned>4194304</ParserLimitsBytesScanned>
<ParserLimitsElementDepth>512</ParserLimitsElementDepth>
<ParserLimitsAttributeCount>128</ParserLimitsAttributeCount>
<ParserLimitsMaxNodeSize>33554432</ParserLimitsMaxNodeSize>
<ParserLimitsForbidExternalReferences>on</ParserLimitsForbidExternalReferences>
<ParserLimitsMaxPrefixes>1024</ParserLimitsMaxPrefixes>
<ParserLimitsMaxNamespaces>1024</ParserLimitsMaxNamespaces>
<ParserLimitsMaxLocalNames>60000</ParserLimitsMaxLocalNames>
<ParserLimitsAttachmentByteCount>2000000000</ParserLimitsAttachmentByteCount>
<ParserLimitsAttachmentPackageByteCount>0</ParserLimitsAttachmentPackageByteCount>
<ParserLimitsExternalReferences>forbid</ParserLimitsExternalReferences>
<CredentialCharset>protocol</CredentialCharset></XMLFirewallService></configuration><files><file name="cert:///dpcert-privkey.pem" src="cert/dpcert-privkey.pem" location="cert" key="true"/><file name="cert:///dpcert-sscert.pem" src="cert/dpcert-sscert.pem" location="cert" key="true"/><file name="local:///BookServiceRouter.xsl" src="local/BookServiceRouter.xsl" location="local" hash="MojI4n9kgqAjDXSjVa4ITQnKMsA="/><file name="webgui:///clixform.xsl" src="dp-aux/clixform.xsl" location="dp-aux" internal="true" hash="h9KFUak1JOD/GgM4s7VBW7d/B9o="/><file name="webgui:///SchemaUtil.xsl" src="dp-aux/SchemaUtil.xsl" location="dp-aux" internal="true" hash="8fmsXUfiaQKycD1E2HoNtTPk95c="/><file name="webgui:///management.xsl" src="dp-aux/management.xsl" location="dp-aux" internal="true" hash="KXMBab7/I+erzg8j5tA0TtMtXNQ="/><file name="webgui:///map-dmz.xsl" src="dp-aux/map-dmz.xsl" location="dp-aux" internal="true" hash="n00B2bmGoH6OdSOW1QRz/SNVbYc="/><file name="webgui:///drMgmt.xml" src="dp-aux/drMgmt.xml" location="dp-aux" internal="true" hash="f5Y4i341S7SorOCyFRmiStLduVo="/><file name="webgui:///basetypes.xml" src="dp-aux/basetypes.xml" location="dp-aux" internal="true" hash="Qqpcd8dDexjsHqB8FAi+293OHh0="/></files></datapower-configuration>